Workbook

Sheet main
A1: Optical Reef size | C1: Subsystem | D1: Mass(kg)/seg | E1: Total mass(kg) | F1: Power/seg (W) | G1: Total Power(W)
A2: FTF(m) | B2: 3 | C2: Payload | D2: =Payload!B10 -> 535.42686 | E2: =D2*B5 -> 3747.988 | F2: =0.5*D2 -> 267.71343 | H2: <-- power from [chat] estimate 0.3-0.7W/kg | M2: Notes:
A3: rings | B3: 1 | C3: SC bus | D3: ='SC bus'!B9 -> 552.70813 | E3: =D3*B5 -> 3868.9569 | F3: ='SC bus'!C9 -> 455.6 | M3: \- Each sheet calculates per segment values
A4: Radius(m) | B4: =B2/2 -> 1.5 | C4: Bus shell | D4: ='SC bus'!D13 -> 340.08313 | E4: =D4*B5 -> 2380.5819 | F4: 0 | G4: 0 | M4: \- cumulative values in main sheet
A5: segments | B5: =6*B3*(B3+1)/2 + 1 -> 7 | C5: Instrumentation | D5: =Instrumentation!B7 -> 35 | E5: =D5*B5 -> 245 | F5: =Instrumentation!C7 -> 160 | G5: =F5*B5 -> 1120
A6: area(m2)/seg | B6: =((3*SQRT(3))/2)*(B2/2)^2 -> 5.8456715 | C6: Power | D6: =Power!B6 -> 55 | E6: =D6*B5 -> 385 | F6: =Power!C6 -> 0
A7: height(bus) | B7: 1 | C7: Thermal | D7: =Thermal!B10 -> 5 | E7: =D7*B5 -> 35 | F7: =Thermal!C10 -> 0
A8: Total area(m2) | B8: =(B4^2*3*SQRT(3)/2)*B5 -> 40.9197 | C8: Propulsion (dry) | D8: ='SC bus'!B8 -> 25 | E8: =D8*B5 -> 175 | F8: 0 | G8: 0
A9: Total areal density(kg/m2) | B9: =E12/B8 -> 209.14863 | C9: ACS | D9: =ACS!B11 -> 92.625 | E9: =D9*B5 -> 648.375 | F9: =ACS!C11 -> 295.6 | G9: =F9*B5 -> 2069.2
A10: Total Diameter | B10: =B2*2*(B3-1)+3 -> 3 | C10: Propulsion (wet) | D10: =0.07*D13 -> 329.82295 | E10: =D10*B5 -> 2308.7606 | F10: 0 | G10: 0
C12: CBE | D12: =SUM(D2:D3,D10) -> 1417.9579 | E12: =SUM(E3,E4,E10) -> 8558.2994
C13: Launch mass (expected) | D13: =8.8*D2 -> 4711.7564 | E13: =D13*B5 -> 32982.295 | F13: =0.5*D13 -> 2355.8782 | G13: =F13*B5 -> 16491.147
C19: Optical Reef | D19: % mass of total | F19: % power of total
C20: Payload | D20: =D2/D12 -> 0.37760419 | E20: <--
C21: SC bus | D21: =D3/D12 -> 0.38979163 | E21: <--
C22: Bus shell | D22: =D4/$D$12 -> 0.23984007
C23: Instrumentation | D23: =D5/$D$12 -> 0.024683384
C24: Power | D24: =D6/$D$12 -> 0.038788175
C25: Thermal | D25: =D7/$D$12 -> 0.0035261977
C26: Propulsion (dry) | D26: =D8/$D$12 -> 0.017630988
C27: ACS | D27: =D9/$D$12 -> 0.065322812
C28: Solar panels | D28: =Power!B4/main!D12 -> 0.012367796
C29: Propulsion(wet) | D29: =D10/D12 -> 0.23260418 | E29: <--
C30: Launch mass | D30: =SUM(D21,D20,D29) -> 1

Sheet Payload
A1: Payload
B2: Mass(kg) | C2: Power(W)
A3: Mirror | B3: ='Mirror mass'!D9 -> 233.82686 | C3: 0
A4: Actuators
A5: Mirror backplane assembly | B5: 100
A6: Science Instrumentation | B6: 200
A7: Thermal control | C7: 25 | D7: \-30to-100°C, 10-40 W --> passive thermal control, cold fingers, deep-space radiators [chat]
A8: Detector array
A9: FGS | B9: 1.6 | C9: 10.5
A10: Total | B10: =SUM(B3:B9) -> 535.42686 | C10: =SUM(C3:C9) -> 35.5

Sheet SC bus
A1: Spacecraft bus
B2: Mass(kg) | C2: Power(W)
A3: ACS/ACDS | B3: =ACS!B11 -> 92.625 | C3: =ACS!C11 -> 295.6
A4: Power | B4: =Power!B6 -> 55 | C4: 0
A5: Thermal | B5: =Thermal!B10 -> 5 | C5: =Thermal!C10 -> 0
A6: Instrumentation | B6: =Instrumentation!B7 -> 35 | C6: =Instrumentation!C7 -> 160
A7: Bus shell | B7: =D13 -> 340.08313 | C7: 0
A8: Propulsion(Dry) | B8: =ACS!B8 -> 25 | C8: 0
A9: Total | B9: =SUM(B3:B8) -> 552.70813 | C9: =SUM(C3:C8) -> 455.6
A11: Bus shell/structure estimate
A12: SC Bus material | B12: Density(g/cm3) | C12: Density(kg/m3) | D12: Total mass(kg)
A13: AluminUm 6061 | B13: 2.7 | C13: =B13*1000 -> 2700 | D13: =$F$23*C13 -> 340.08313
A14: Graphite composite | B14: 1.6 | C14: =B14*1000 -> 1600 | D14: =$F$23*C14 -> 201.53074
A15: Titanium
A16: SiC composite
A18: Dimensions
C19: Area(m^2) | D19: # of parts | E19: Volume | F19: Total volume
B20: rectangles: | C20: =main!B4*main!B7 -> 1.5 | D20: 6 | E20: =C20*B23 -> 0.0075 | F20: =E20*D20 -> 0.045
B21: hexagons: | C21: =main!B6 -> 5.8456715 | D21: 2 | E21: =C21*B23 -> 0.029228357 | F21: =E21*D21 -> 0.058456715
B22: central support: | C22: =(main!B4/2)*main!B7 -> 0.75 | D22: 6 | E22: =C22*B23 -> 0.00375 | F22: =E22*D22 -> 0.0225
A23: Wall thickness(m): | B23: 0.005 | F23: =F20+F21+F22 -> 0.12595671

Sheet Power
A1: Power
B2: Mass(kg) | C2: System total load(W) | D2: Efficiency | G2: Function
A3: Batteries (Li-ion) | B3: 7.06 | C3: 1093.7 | G3: Power source
A4: Solar panels | B4: =3*main!B6 -> 17.537014 | F4: ~3kg/m2 | G4: Power source
A5: Power Control Unit (PCU)
A6: Total | B6: 55 | C6: 0

Sheet Thermal
A1: Thermal
B2: Mass(kg) | C2: Power(W) | D2: Notes
A3: Coolers | B3: 5
A4: Insulation
A5: Radiator
A6: Heat pipe | D6: Hydrogen/Nitrogen/acetone. Depends on working temp.
A7: Thermostat
A8: Louvers | D8: https://www.tmt-ipe.com/product-sheets
A9: Heater--> Patch/RHU
A10: Total | B10: 5
A11: cbe | B11: ~20 | C11: ~100-500

Sheet Instrumentation
A1: Instrumentation
B2: Mass(kg) | C2: Power(W)
A3: C&DH | B3: 15 | C3: 50 | D3: <-- estimation from JWST payload design
A4: Comms | B4: 10 | C4: 60 | D4: <-- estimation from JWST payload design
A5: FGS
A6: Computer | B6: 10 | C6: 50 | D6: <-- estimation from Ariel payload design
A7: Total | B7: =SUM(B3:B6) -> 35 | C7: =SUM(C3:C6) -> 160

Sheet ACS
A1: ACS
B2: Mass(kg) | C2: Power(W)
A3: RWs | B3: 48 | C3: 200 | D3: \- approx 4 rws @ 12kg, w ~0.012-0.4 Nm
A4: FGS | B4: 1.6 | C4: 10.5 | D4: <-- estimation from Ariel payload design
A5: IMU | B5: 8 | C5: 35 | D5: https://www.cielo-inertial.com/wp-content/uploads/2019/10/Cielo_Starlight_1000_IRU24_Datasheet.pdf
A6: CMG | D6: <-- either this or RWs. Don’t need both
A7: Sun sensor | B7: 0.025 | C7: 0.1 | D7: ¯\_(ツ)_/¯ , negligible
A8: Propulsion(dry) | B8: 25 | C8: 0
A9: Magnetorquer | D9: <-- prob don't need in L2 orbit
A10: Computer | B10: 10 | C10: 50 | D10: <-- from pirat et.al
A11: Total | B11: =SUM(B3:B10) -> 92.625 | C11: =SUM(C3:C10) -> 295.6
E12: RW mass

Sheet Mirror mass
C1: Subsystem | D1: Weight per segment | E1: Ariel density kg/m^2 | F1: Total mass | G1: Additional notes | H1: Density(kg/m3) | I1: Notes/Sources
A2: FTF(m) | B2: =main!B2 -> 3 | C2: Mirrors
A3: rings | B3: =main!B3 -> 1 | C3: Beryllium | D3: =$B$5*E3 -> 157.83313 | E3: 27 | F3: =D3*$B$4 -> 946.99878 | G3: from JWST | H3: 1850 | I3: https://science.nasa.gov/mission/webb/science-overview/science-explainers/telescope-overview/ Mass/radius ratio: (see notes for calculations)
A4: segments | B4: =6*B3*(B3+1)/2 -> 6 | C4: Zerodur | D4: =$B$5*E4 -> 0 | F4: =D4*$B$4 -> 0 | H4: 2530 | I4: pirat et al. paper (autonomous assembly of large telescopes)
A5: area/segment | B5: =((3*SQRT(3))/2)*(B2/2)^2 -> 5.8456715 | C5: SiC | D5: =$B$5*E5 -> 701.48058 | E5: 120 | F5: =D5*$B$4 -> 4208.8835 | G5: low density designs go down to 20~40 ariel density
A6: Total area | B6: =(B7^2*3*SQRT(3)/2)*B4 -> 35.074029 | C6: SiC(lightweighted, see notes) | D6: =$B$5*E6 -> 192.90716 | E6: 33 | F6: =D6*$B$4 -> 1157.443 | G6: ^^
A7: Radius | B7: =B2/2 -> 1.5 | C7: Aluminium | D7: =$B$5*E7 -> 0 | F7: =D7*$B$4 -> 0
A8: Ariel density | B8: =B5/D9 -> 0.025 | C8: ULE | D8: =$B$5*E8 -> 1075.019 | E8: 183.9 | F8: =D8*$B$4 -> 6450.1139 | G8: Hubble | H8: 2210
B9: ^!! | C9: ULE(lightweighted) | D9: =$B$5*E9 -> 233.82686 | E9: 40 | F9: =D9*$B$4 -> 1402.9612 | G9: RST
C11: Truss
C12: Mirror flexures

Sheet mirror_trades0
A1: Substrate | B1: Density (g/cm3) | C1: Reflectivity/throughput | D1: Thermal expansion (CTE) | E1: Thermal conductivity | F1: Stiffness(GPa) | G1: Specific stiffness | H1: Structural stability | I1: Cost | J1: Manufacturability | K1: Weighted sum | L1: Sources: https://www.newport.com/g/optical-mirror-selection-guide https://www.coherent.com/news/blog/aluminum-mirrors-space-telescopes
A2: Fused Silica | B2: 2.2 | D2: Low (0.55) | E2: Low (1.4) | F2: Moderate (73) | G2: =73/2.2 -> 33.181818 | L2: https://accuratus.com/fused.html
A3: SiC | B3: ~2.1-3.2 | D3: Low (4) | E3: High (120) | F3: V. High (410) | G3: =410/3.2 -> 128.125 | H3: Weak/Brittle | L3: https://accuratus.com/silicar.html
A4: Zerodur | B4: 2.53 | D4: V. Low (0.1) | E4: Low (1.7) | F4: Moderate (90) | G4: =90/2.53 -> 35.573123 | I4: Moderate, costly fabrication
A5: Borosilicate | B5: 2.23 | D5: Low (3.25) | E5: Low (1.1) | F5: Moderate (64) | G5: =64/2.23 -> 28.699552 | H5: Weak/Brittle
A6: Beryllium | B6: 1.85 | D6: Low | E6: 190 | F6: High (287) | G6: =287/1.85 -> 155.13514 | I6: High
A7: ULE
A9: Weights(1-5)--> | C9: 4 | D9: 5 | F9: 4 | G9: 3
A12: Coating | B12: Density (g/cm3) | C12: Reflectivity/throughput | D12: Thermal expansion (CTE) | E12: Thermal conductivity | F12: Stiffness(GPa) | H12: Structural stability | I12: Cost | J12: Wavelength
A13: Aluminum | B13: 2.7 | C13: 90-92% for optical | D13: High (23.6) | E13: High (205) | F13: Low | L13: https://wp.optics.arizona.edu/optomech/wp-content/uploads/sites/53/2016/10/Overview-of-Aluminum-Related-Coatings-and-Their-Properties.pdf
A14: Dielectric | C14: v. High >99% | D14: ~0.5 | J14: 400-750nm | L14: Fused Silica
A15: Silver | C15: v. High ~98% | D15: High(19) | F15: Moderate (~76) | H15: Weak (needs protective coatings) | I15: High
A17: Actuators
A18: Piezoelectric
A19: MEMS

Sheet Misc
B1: Mass
A2: Truss structure
A3: Docking mechanism
A4: Sunshield
A5: Vibrational modes
A6: Structure and mechanisms:
A7: Actuators
A8: Propulsion | B8: =main!D13*0.0485 -> 228.52018
A9: Science instrumentation --> detector??

Sheet Intertia+torque
A1: Inertia | B1: see p 52
B2: Mass | C2: Model | D2: Inertia | E2: Diameter | F2: Depth | G2: COM | H2: <-- relative to middle of primary mirror thickness
A3: SC bus | B3: =main!E3 -> 3868.9569 | C3: Hexagon | E3: 3
A4: Primary support structure | C4: ??
A5: Primary Mirror | C5: Hexagon | E5: 3
A7: Solar pressure
B8: Area | C8: Center of pressure | D8: Torque | E8: Momentum
A9: SC bus
A10: Net torque

Sheet Launch systems

Sheet Sheet50
A1: Edit-able cells
A2: Estimates from ratios
A3: is gut 👍
A4: ¯\_(ツ)_/¯
A5: ignore
